SIZE;;ERM-397(1);;;ERM-397(2);;;ERM-398(1);;;ERM-398(2);;;ERM-399(1);;;ERM-399(2);;;ERM-400;;;ERM-401;;;ERM-402;;;ERM-403;
PDI;0.085;0.082;0.082;0.087;0.068;0.071;0.084;0.063;0.068;0.068;0.089;0.094;0.059;0.084;0.071;0.071;0.062;0.071;0.072;0.069;0.07;0.075;0.082;0.081;0.273;0.249;0.239;0.235;0.235;0.23
X Intensity;R1.397(1);R2.397(1);R3.397(1);R1.397(2);R2.397(2);R3.397(2);R1.398(1);R2.398(1);R3.398(1);R1.398(2);R2.398(2);R3.398(2);R1.399(1);R2.399(1);R3.399(1);R1.399(2);R2.399(2);R3.399(2);R1.400;R2.400;R3.400;R1.401;R2.401;R3.401;R1.402;R2.402;R3.402;R1.403;R2.403;R3.403
0.4;0;0;0;0;0;0;0;0;0;0;0;0;0;0;0;0;0;0;0;0;0;0;0;0;0;0;0;0;0;0
0.463;0;0;0;0;0;0;0;0;0;0;0;0;0;0;0;0;0;0;0;0;0;0;0;0;0;0;0;0;0;0
0.536;0;0;0;0;0;0;0;0;0;0;0;0;0;0;0;0;0;0;0;0;0;0;0;0;0;0;0;0;0;0
0.621;0;0;0;0;0;0;0;0;0;0;0;0;0;0;0;0;0;0;0;0;0;0;0;0;0;0;0;0;0;0
0.719;0;0;0;0;0;0;0;0;0;0;0;0;0;0;0;0;0;0;0;0;0;0;0;0;0;0;0;0;0;0
0.833;0;0;0;0;0;0;0;0;0;0;0;0;0;0;0;0;0;0;0;0;0;0;0;0;0;0;0;0;0;0
0.965;0;0;0;0;0;0;0;0;0;0;0;0;0;0;0;0;0;0;0;0;0;0;0;0;0;0;0;0;0;0
1.12;0;0;0;0;0;0;0;0;0;0;0;0;0;0;0;0;0;0;0;0;0;0;0;0;0;0;0;0;0;0
1.29;0;0;0;0;0;0;0;0;0;0;0;0;0;0;0;0;0;0;0;0;0;0;0;0;0;0;0;0;0;0
1.5;0;0;0;0;0;0;0;0;0;0;0;0;0;0;0;0;0;0;0;0;0;0;0;0;0;0;0;0;0;0
1.74;0;0;0;0;0;0;0;0;0;0;0;0;0;0;0;0;0;0;0;0;0;0;0;0;0;0;0;0;0;0
2.01;0;0;0;0;0;0;0;0;0;0;0;0;0;0;0;0;0;0;0;0;0;0;0;0;0;0;0;0;0;0
2.33;0;0;0;0;0;0;0;0;0;0;0;0;0;0;0;0;0;0;0;0;0;0;0;0;0;0;0;0;0;0
2.7;0;0;0;0;0;0;0;0;0;0;0;0;0;0;0;0;0;0;0;0;0;0;0;0;0;0;0;0;0;0
3.12;0;0;0;0;0;0;0;0;0;0;0;0;0;0;0;0;0;0;0;0;0;0;0;0;0;0;0;0;0;0
3.62;0;0;0;0;0;0;0;0;0;0;0;0;0;0;0;0;0;0;0;0;0;0;0;0;0;0;0;0;0;0
4.19;0;0;0;0;0;0;0;0;0;0;0;0;0;0;0;0;0;0;0;0;0;0;0;0;0;0;0;0;0;0
4.85;0;0;0;0;0;0;0;0;0;0;0;0;0;0;0;0;0;0;0;0;0;0;0;0;0;0;0;0;0;0
5.61;0;0;0;0;0;0;0;0;0;0;0;0;0;0;0;0;0;0;0;0;0;0;0;0;0;0;0;0.23;0.174;0.653
6.5;0;0;0;0;0;0;0;0;0;0;0;0;0;0;0;0;0;0;0;0;0;0;0;0;0;0;0;1.61;1.44;2.18
7.53;0;0;0;0;0;0;0;0;0;0;0;0;0;0;0;0;0;0;0;0;0;0;0;0;0;0;0;4.02;3.78;4.32
8.72;0;0;0;0;0;0;0;0;0;0;0;0;0;0;0;0;0;0;0;0;0;0;0;0;0;0;0;6.88;6.68;6.66
10.1;0;0;0;0;0;0;0;0;0;0;0;0;0;0;0;0;0;0;0;0;0;0;0;0;0;0;0;9.51;9.45;8.76
11.7;0;0;0;0;0;0;0;0;0;0;0;0;0;0;0;0;0;0;0;0;0;0;0;0;0;0;0;11.4;11.5;10.3
13.5;0;0;0;0;0;0;0;0;0;0;0;0;0;0;0;0;0;0;0;0;0;0;0;0;0;0;0;12.2;12.5;11.1
15.7;0;0;0;0;0;0;0;0;0;0;0;0;0;0;0;0;0;0;0;0;0;0;0;0;0;0;0;12;12.4;11
18.2;0;0;0;0;0;0;0;0;0;0;0;0;0;0;0;0;0;0;0;0;0;0;0;0;0;0;0;10.8;11.1;10.3
21;0;0;0;0;0;0;0;0;0;0;0;0;0;0;0;0;0;0;0;0;0;0;0;0;0;0;0;8.96;9.15;8.96
24.4;0;0;0;0;0;0;0;0;0;0;0;0;0;0;0;0;0;0;0;0;0;0;0;0;0;0;0;6.78;6.77;7.28
28.2;0;0;0;0;0;0;0;0;0;0;0;0;0;0;0;0;0;0;0;0;0;0;0;0;0;0;0;4.6;4.41;5.48
32.7;0.32;0.43;0.655;0.767;0.0497;0.0325;0.869;0;0.192;0.285;0.86;1.26;0;0.799;0.123;0.564;0;0.471;0.355;0;0.172;0.341;0.0799;0.335;0;0;0;2.71;2.41;3.76
37.8;2.81;3.22;3.48;3.55;2.8;2.87;3.76;2.65;2.93;3.04;3.73;4.31;2.61;3.69;2.72;3.38;2.65;3.25;3.08;2.62;2.7;2.82;2.46;2.85;0;0;0;1.29;0.995;2.29
43.8;7.18;7.91;8;7.87;7.85;8.02;8.09;7.74;7.82;7.86;8.05;8.45;7.72;8.15;7.51;7.98;7.68;7.92;7.78;7.53;7.33;7.14;6.91;7.19;0;0;0;0.414;0.229;1.17
50.7;12.1;13;12.8;12.4;13.4;13.6;12.6;13.5;13.2;13.1;12.5;12.5;13.5;12.8;12.9;12.9;13.3;13;12.9;13;12.6;12;12;12;0;0;0;0.0422;0;0.452
58.8;15.9;16.7;16.3;15.8;17.5;17.6;15.8;17.7;17.2;17;15.8;15.4;17.9;16.2;17;16.5;17.5;16.7;16.7;17.1;16.6;15.9;16.1;15.7;0;0;0;0;0;0.0948
68.1;17.6;17.9;17.6;17.1;18.8;18.8;17;19.1;18.5;18.3;17;16.3;19.2;17.4;18.5;17.7;18.9;18;18.1;18.6;18.2;17.5;17.8;17.4;0;0;0;0;0;0
78.8;16.6;16.4;16.2;15.9;16.9;16.8;15.8;17.1;16.8;16.7;15.8;15.1;17.2;16;17;16.3;17.1;16.4;16.6;16.9;16.9;16.6;16.9;16.4;0;0;0;0;0;0
91.3;13.3;12.6;12.6;12.7;12.6;12.4;12.5;12.6;12.6;12.6;12.6;12.2;12.6;12.5;12.9;12.6;12.7;12.6;12.7;12.9;13.1;13.3;13.5;13.3;0;0;0;0;0;0
106;8.73;7.77;7.93;8.39;7.2;7.11;8.26;7.08;7.48;7.54;8.32;8.33;6.95;7.93;7.76;7.83;7.29;7.71;7.79;7.72;8.14;8.81;8.83;8.92;0.405;0.455;0.632;0;0;0
122;4.26;3.41;3.63;4.18;2.63;2.64;4.12;2.41;2.98;3.06;4.19;4.45;2.29;3.7;3.15;3.49;2.65;3.3;3.34;3.16;3.56;4.35;4.29;4.55;1.84;2.17;2.36;0;0;0
142;1.16;0.709;0.857;1.2;0.196;0.242;1.19;0.0376;0.413;0.467;1.24;1.52;0;0.924;0.473;0.768;0.176;0.625;0.642;0.508;0.72;1.21;1.16;1.37;4.24;4.95;4.99;0;0;0
164;0;0;0;0;0;0;0;0;0;0;0;0.095;0;0;0;0;0;0;0;0;0;0;0;0;7.15;8.15;7.99;0;0;0
190;0;0;0;0;0;0;0;0;0;0;0;0;0;0;0;0;0;0;0;0;0;0;0;0;9.98;11;10.7;0;0;0
220;0;0;0;0;0;0;0;0;0;0;0;0;0;0;0;0;0;0;0;0;0;0;0;0;12.2;13;12.7;0;0;0
255;0;0;0;0;0;0;0;0;0;0;0;0;0;0;0;0;0;0;0;0;0;0;0;0;13.3;13.7;13.6;0;0;0
295;0;0;0;0;0;0;0;0;0;0;0;0;0;0;0;0;0;0;0;0;0;0;0;0;13.3;13.1;13.2;0;0;0
342;0;0;0;0;0;0;0;0;0;0;0;0;0;0;0;0;0;0;0;0;0;0;0;0;12.1;11.5;11.6;0;0;0
396;0;0;0;0;0;0;0;0;0;0;0;0;0;0;0;0;0;0;0;0;0;0;0;0;10;9.08;9.31;0;0;0.00512
459;0;0;0;0;0;0;0;0;0;0;0;0;0;0;0;0;0;0;0;0;0;0;0;0;7.39;6.42;6.59;0;0;0.0202
531;0;0;0;0;0;0;0;0;0;0;0;0;0;0;0;0;0;0;0;0;0;0;0;0;4.72;3.9;3.96;0.00159;0.00675;0.0466
615;0;0;0;0;0;0;0;0;0;0;0;0;0;0;0;0;0;0;0;0;0;0;0;0;2.43;1.9;1.84;0.0142;0.0319;0.0836
712;0;0;0;0;0;0;0;0;0;0;0;0;0;0;0;0;0;0;0;0;0;0;0;0;0.852;0.615;0.508;0.0427;0.0787;0.129
825;0;0;0;0;0;0;0;0;0;0;0;0;0;0;0;0;0;0;0;0;0;0;0;0;0.0998;0.0529;0;0.0881;0.145;0.18
9.55E+02;0;0;0;0;0;0;0;0;0;0;0;0;0;0;0;0;0;0;0;0;0;0;0;0;0;0;0;0.149;0.226;0.233
1.11E+03;0;0;0;0;0;0;0;0;0;0;0;0;0;0;0;0;0;0;0;0;0;0;0;0;0;0;0;0.222;0.314;0.285
1.28E+03;0;0;0;0;0;0;0;0;0;0;0;0;0;0;0;0;0;0;0;0;0;0;0;0;0;0;0;0.303;0.402;0.333
1.48E+03;0;0;0;0;0;0;0;0;0;0;0;0;0;0;0;0;0;0;0;0;0;0;0;0;0;0;0;0.387;0.484;0.375
1.72E+03;0;0;0;0;0;0;0;0;0;0;0;0;0;0;0;0;0;0;0;0;0;0;0;0;0;0;0;0.468;0.555;0.408
1.99E+03;0;0;0;0;0;0;0;0;0;0;0;0;0;0;0;0;0;0;0;0;0;0;0;0;0;0;0;0.541;0.609;0.431
2.30E+03;0;0;0;0;0;0;0;0;0;0;0;0;0;0;0;0;0;0;0;0;0;0;0;0;0;0;0;0.601;0.643;0.443
2.67E+03;0;0;0;0;0;0;0;0;0;0;0;0;0;0;0;0;0;0;0;0;0;0;0;0;0;0;0;0.644;0.656;0.443
3.09E+03;0;0;0;0;0;0;0;0;0;0;0;0;0;0;0;0;0;0;0;0;0;0;0;0;0;0;0;0.666;0.647;0.432
3.58E+03;0;0;0;0;0;0;0;0;0;0;0;0;0;0;0;0;0;0;0;0;0;0;0;0;0;0;0;0.664;0.617;0.408
4.15E+03;0;0;0;0;0;0;0;0;0;0;0;0;0;0;0;0;0;0;0;0;0;0;0;0;0;0;0;0.637;0.567;0.374
4.80E+03;0;0;0;0;0;0;0;0;0;0;0;0;0;0;0;0;0;0;0;0;0;0;0;0;0;0;0;0.585;0.5;0.329
5.56E+03;0;0;0;0;0;0;0;0;0;0;0;0;0;0;0;0;0;0;0;0;0;0;0;0;0;0;0;0.507;0.417;0.275
6.44E+03;0;0;0;0;0;0;0;0;0;0;0;0;0;0;0;0;0;0;0;0;0;0;0;0;0;0;0;0;0;0
7.46E+03;0;0;0;0;0;0;0;0;0;0;0;0;0;0;0;0;0;0;0;0;0;0;0;0;0;0;0;0;0;0
8.63E+03;0;0;0;0;0;0;0;0;0;0;0;0;0;0;0;0;0;0;0;0;0;0;0;0;0;0;0;0;0;0
